INSERT INTO User (ID, UserName, password, email, DOB) VALUES (1, 'Petrenko', '233', 'petrov@gmail.ru', 1980);
INSERT INTO User (ID, UserName, password, email, DOB) VALUES (2, 'Onoprienko', '233', 'ivanov@mail.com', 1975);
INSERT INTO User (ID, UserName, password, email, DOB) VALUES (3, 'Sidorov', '533', 'sidorov@sd.ru', 1985);
INSERT INTO User (ID, UserName, password, email, DOB) VALUES (4, 'Popov', '243', 'popov@sd.ru', 1990);
INSERT INTO User (ID, UserName, password, email, DOB) VALUES (5, 'Kuznecov', '833', 'kuznecov@sd.ru', 1982);
INSERT INTO User (ID, UserName, password, email, DOB) VALUES (6, 'Kolesnik', '203', 'kolesnik@sd.ru', 1982);
INSERT INTO User (ID, UserName, password, email, DOB) VALUES (7, 'Kovalenko', '933', 'kovalenko@sd.ru', 1986);
INSERT INTO User (ID, UserName, password, email, DOB) VALUES (8, 'Emelianov', '733', 'emelianov@sd.ru', 1980);
INSERT INTO User (ID, UserName, password, email, DOB) VALUES (9, 'Bobrichev', '273', 'bobrishev@sd.ru', 1981);
INSERT INTO User (ID, UserName, password, email, DOB) VALUES (10, 'Yagnuykov', '283', 'yagnyukov@sd.ru', 1987);

ALTER TABLE User
  ADD FirstName VARCHAR(30) DEFAULT '';
UPDATE USER
SET FirstName = 'Nikola'
WHERE ID = 1;

UPDATE USER
SET FirstName = 'Alex'
WHERE ID IN (2, 4,  7);

UPDATE USER
SET FirstName = 'Sergey'
WHERE ID IN (3, 5);

UPDATE USER
SET FirstName = 'Igor'
WHERE ID IN (9,8);

INSERT INTO COOKIES (ID, TITLE, TIME, COOKED) VALUES (1, 'Biscuit №1', CURRENT_TIME, TRUE);
INSERT INTO COOKIES (ID, TITLE, TIME, COOKED) VALUES (2, 'Biscuit №2', CURRENT_TIME, FALSE);
INSERT INTO COOKIES (ID, TITLE, TIME, COOKED) VALUES (3, 'Biscuit №3', CURRENT_TIME, TRUE);
INSERT INTO COOKIES (ID, TITLE, TIME, COOKED) VALUES (4, 'Biscuit №4', CURRENT_TIME, FALSE);
INSERT INTO COOKIES (ID, TITLE, TIME, COOKED) VALUES (5, 'Biscuit №5', CURRENT_TIME, FALSE);
INSERT INTO COOKIES (ID, TITLE, TIME, COOKED) VALUES (6, 'Biscuit №6', CURRENT_TIME, TRUE);
INSERT INTO COOKIES (ID, TITLE, TIME, COOKED) VALUES (7, 'Biscuit №7', CURRENT_TIME, TRUE);
INSERT INTO COOKIES (ID, TITLE, TIME, COOKED) VALUES (8, 'Biscuit №8', CURRENT_TIME, TRUE);
INSERT INTO COOKIES (ID, TITLE, TIME, COOKED) VALUES (9, 'Biscuit №9', CURRENT_TIME, TRUE);
INSERT INTO COOKIES (ID, TITLE, TIME, COOKED) VALUES (10, 'Biscuit №10', CURRENT_TIME, TRUE);

ALTER TABLE COOKIES
  ADD Message VARCHAR(30) DEFAULT '';

UPDATE COOKIES
SET MESSAGE = 'Funny';

UPDATE COOKIES
SET MESSAGE = 'Happy'
WHERE ID IN (1, 5);

INSERT INTO METADATA (USERID, COOKIESID, TIME_ADDED) VALUES (1, 2, NOW());
INSERT INTO METADATA (USERID, COOKIESID, TIME_ADDED) VALUES (2, 3, NOW());
INSERT INTO METADATA (USERID, COOKIESID, TIME_ADDED) VALUES (3, 5, NOW());
INSERT INTO METADATA (USERID, COOKIESID, TIME_ADDED) VALUES (4, 6, NOW());
INSERT INTO METADATA (USERID, COOKIESID, TIME_ADDED) VALUES (5, 9, NOW());
INSERT INTO METADATA (USERID, COOKIESID, TIME_ADDED) VALUES (6, 10, NOW());
INSERT INTO METADATA (USERID, COOKIESID, TIME_ADDED) VALUES (7, 6, NOW());
INSERT INTO METADATA (USERID, COOKIESID, TIME_ADDED) VALUES (8, 6, NOW());
INSERT INTO METADATA (USERID, COOKIESID, TIME_ADDED) VALUES (9, 1, NOW());
INSERT INTO METADATA (USERID, COOKIESID, TIME_ADDED) VALUES (10, 8, NOW());

