INSERT INTO USERS VALUES (1, 'Ivanov', 'ivanov@example.com', '123456abc', 1985);
INSERT INTO USERS VALUES (2, 'Petrov', 'petrov@example.com', 'jsdahfjasd', 1988);
INSERT INTO USERS VALUES (3, 'Sidorov', 'sidorov@example.com', 'y6wwe1gfcg', 1990);
INSERT INTO USERS VALUES (4, 'Kosichkina', 'kosichkina@example.com', 'asd66asd', 1991);
INSERT INTO USERS VALUES (5, 'Sinichkina', 'sinichkina@example.com', 'ghf2hdfgh', 1990);
INSERT INTO USERS VALUES (6, 'Vodichkina', 'vodichkina@example.com', 'zxdf3d6aw', 1985);
INSERT INTO USERS VALUES (7, 'Egorov', 'egorov@example.com', '67567567', 1989);
INSERT INTO USERS VALUES (8, 'Karpov', 'karpov@example.com', 'fe34ewrr3', 1985);
INSERT INTO USERS VALUES (9, 'Akulova', 'akulova@example.com', 'sf4wre5e', 1992);
INSERT INTO USERS VALUES (10, 'Rybkin', 'rybkin@example.com', 'gsdw323s', 1980);


INSERT INTO COOKIES (ID, COOKIE, MESSAGE, EXPIRED) VALUES (1, 'Cookie 1', 'A frivolous gift is a gift, nonetheless.', '2018-01-01');
INSERT INTO COOKIES (ID, COOKIE, MESSAGE, EXPIRED) VALUES (2, 'Cookie 2', 'This life is yours. Some of it was given to you; the rest, you made yourself.', '2017-01-01');
INSERT INTO COOKIES (ID, COOKIE, MESSAGE, EXPIRED) VALUES (3, 'Cookie 3', 'Know the opposition, its not always the enemy.', '2018-01-01');
INSERT INTO COOKIES (ID, COOKIE, MESSAGE, EXPIRED) VALUES (4, 'Cookie 4', 'Next time you have the opportunity, go on a rollercoaster.', '2017-01-01');
INSERT INTO COOKIES (ID, COOKIE, MESSAGE, EXPIRED) VALUES (5, 'Cookie 5', 'Open up your heart - it can always be closed again.', '2016-01-01');
INSERT INTO COOKIES (ID, COOKIE, MESSAGE, EXPIRED) VALUES (6, 'Cookie 6', 'You are filled with a sense of urgency. Be patient or you may end up confused.', '2019-01-01');
INSERT INTO COOKIES (ID, COOKIE, MESSAGE, EXPIRED) VALUES (7, 'Cookie 7', 'Consolidate rather than expand your business in the near future.', '2018-01-01');
INSERT INTO COOKIES (ID, COOKIE, MESSAGE, EXPIRED) VALUES (8, 'Cookie 8', 'Do not let doubt and suspicion bar your progress.', '2018-01-01');
INSERT INTO COOKIES (ID, COOKIE, MESSAGE, EXPIRED) VALUES (9, 'Cookie 9', 'Dream your dream and your dream will dream of you.', '2018-01-01');
INSERT INTO COOKIES (ID, COOKIE, MESSAGE, EXPIRED) VALUES (10, 'Cookie 10', 'Love comes quickly, whatever you do.', '2018-01-01');


INSERT INTO METADATA (USERS_ID, COOKIES_ID, TIME_ADDED) VALUES (1, 2, '2016-04-20 15:08:23');
INSERT INTO METADATA (USERS_ID, COOKIES_ID, TIME_ADDED) VALUES (3, 6, '2016-04-28 09:33:38');
INSERT INTO METADATA (USERS_ID, COOKIES_ID, TIME_ADDED) VALUES (2, 5, '2016-04-26 10:45:11');
INSERT INTO METADATA (USERS_ID, COOKIES_ID, TIME_ADDED) VALUES (4, 3, '2016-04-25 12:23:05');
INSERT INTO METADATA (USERS_ID, COOKIES_ID, TIME_ADDED) VALUES (3, 2, '2016-04-24 15:52:07');
INSERT INTO METADATA (USERS_ID, COOKIES_ID, TIME_ADDED) VALUES (5, 1, '2016-04-21 16:12:35');
INSERT INTO METADATA (USERS_ID, COOKIES_ID, TIME_ADDED) VALUES (6, 7, '2016-04-28 10:43:27');
INSERT INTO METADATA (USERS_ID, COOKIES_ID, TIME_ADDED) VALUES (8, 2, '2016-04-23 11:48:41');
INSERT INTO METADATA (USERS_ID, COOKIES_ID, TIME_ADDED) VALUES (5, 4, '2016-04-27 12:40:55');
INSERT INTO METADATA (USERS_ID, COOKIES_ID, TIME_ADDED) VALUES (7, 2, '2016-04-24 14:24:31');
